entry,place_id,constraint,evidence_status,competing_interpretation,discriminating_check,source,review_status
21,kh_qumran,Head of a water conduit,edited text checked,Intake versus channel junction versus tunnel mouth,Determine the ancient hydraulic beginning independently of a modern photograph,Puech 2006 p188; Lefkovits 2000 p185,pending plan correlation
21,kh_qumran,Relation to Sekakah,restored,West of versus leading to versus at,Compare separate spatial models only after the damaged link is read,Puech 2006 p188,pending independent reading
21,kh_qumran,Northern relation,grammatical attachment unresolved,Side versus approach or relation to conduit,Specify the reference object before testing an orientation,Lefkovits 2000 pp185–189,pending independent reading
21,kh_qumran,Great stone,noun restored,Other restored objects,Do not select a boulder and then use it to justify the supplied noun,Puech 2006 p188,pending independent reading
21,kh_qumran,Dam at intake,inferred feature,Surviving channel versus lost dam,Recover source plan and distinguish inferred footprint from visible fabric,Stacey 2009 The Dam; Ilan and Amit 2002 Fig1,pending original plan
20,wadi_qumran,Heap in Sekakah valley,interpretation disputed,Cairn versus dam,Establish the required feature type independently of the proposed intake dam,Puech 2006 pp187–188; Phase5 Eshel record,exact feature unresolved
22,kh_qumran,Fissure east of named reservoir,edition checked,Generic nearby fissure versus required eastern relation,Identify a period reservoir independently and then test its eastern side,Puech 2006 p188,exact feature unresolved
23,kh_qumran,Channel name,interpretation disputed,Solomon versus Shallum,Review letter division before linking the channel to entry22 reservoir,Puech 2006 p189 page image checked,pending independent reading
23,kh_qumran,Large landmark and distance,origin and endpoint unidentified,Boulder versus mound or sepulchral interpretation,Settle the landmark reading and both endpoints before using sixty cubits geometrically,Puech 2006 pp188–189,geometry not performed
24,kuteif,Approach from Jericho toward Sekakah,edition checked,Regional approach versus assumed consecutive itinerary,Test ancient access and dated tombs without assuming a route from entry23,Puech 2006 p189; SWP III p220,exact tomb unresolved
32,choziba,Place name,disputed,Koziba versus Buz,Compare letter evidence without the Wadi Qelt proposal,Puech 2006 p192; Lefkovits 2000 p236,pending independent reading
32,choziba,Water outlet,function unresolved,Spring head versus channel exit or junction,Trace flow and phase for each candidate outlet,SWP III pp227–228; Phase5 Eshel records,pending dated plan correlation
32,choziba,Second landmark,reading and meaning disputed,Retaining wall versus parapet mountain or rock,Test only the architectural relationship required by the independently selected reading,Puech 2006 p192; Phase5 assessment,pending independent reading
32,choziba,Period of visible wall,not established for a particular feature,Earlier route with later rebuilding,Require construction sequence and contemporaneity with the proposed outlet,SWP III pp227–228,pending original phase evidence
49,jer_siloam,Siloam name,disputed and restored,Personal names or different installation,Review X15–16 without candidate pool names,Phase5 assessment; Puech 2015 pp91–93,pending independent reading
49,jer_siloam,Pool identity,competing published interpretations,Silwan outlet pool versus Birkat el-Hamra,Keep physical pools distinct while evaluating ancient names,Szanton 2023 pp34–42,plans checked; identity unresolved
49,jer_siloam,Trough or gutter,not established as scroll feature,Railing stones are a different described feature,Require a dated installation of the required type instead of a general pool match,Szanton 2023 Fig6; Phase5 assessment,pending feature evidence
31,doq,Landmark word,disputed,Drying place versus guardhouse fortress,Review VII11 before choosing a building type,Puech 2006 p192; Phase5 assessment,pending independent reading
31,doq,Eastern corner,not established for a particular building,Later summit construction versus ancient fabric,Identify the correct building type and date its corner,Phase5 assessment,pending phase plan
55,jer_bethesda,Bethesda name,emended,Generic reservoir complex,Assess XI12–13 without using the famous site to supply letters,Phase5 assessment,pending independent reading
55,jer_bethesda,Small accessible basin,not established as scroll feature,Other double-pool complexes,Compare period and access across St Annes and the Sisters of Sion setting,Phase5 assessment,pending original excavation publications
